Job ID,Job URL,Job Title,Company Name,Status,Timestamp,WP ID
b095821422bd7b84,https://no.linkedin.com/jobs/view/join-indian-army-10%2B2-tes-51-entry-july-2024-batch-online-form-at-scraby-academy-4436920374,Join Indian Army 10+2 TES 51 Entry (July 2024 Batch) Online Form,,scraped,2026-07-07T01:01:55.877857,
dcbf57b931713467,https://no.linkedin.com/jobs/view/lnic-featured-in-niemanlab-universities-are-mapping-where-local-news-outlets-are-still-thriving-at-local-news-impact-coalition-4431955704,LNIC featured in NiemanLab: Universities are mapping where local news outlets are still thriving,,scraped,2026-07-07T01:02:02.413843,
11caf9a3e32a8618,https://no.linkedin.com/jobs/view/%C3%A5pen-s%C3%B8knad-at-hent-as-4437136574,Åpen søknad,,scraped,2026-07-07T01:02:09.988307,
6d4a277515fc3319,https://no.linkedin.com/jobs/view/%C3%A5pen-s%C3%B8knad-at-evidi-denmark-4429674665,Åpen søknad,,scraped,2026-07-07T01:02:17.690683,
7456487c680f06b7,https://no.linkedin.com/jobs/view/lnic-featured-in-niemanlab-academics-team-up-to-address-the-biggest-challenges-in-local-news-research-at-local-news-impact-coalition-4431964497,LNIC featured in NiemanLab: Academics team up to address the biggest challenges in local news research,Local News Impact Coalition,posted,2026-07-07T01:03:38.624702,19
b0ade4e474f83cb6,https://no.linkedin.com/jobs/view/talent-pool-at-joe-the-juice-4375339120,Talent Pool,,scraped,2026-07-07T01:03:41.297086,
e7dbe27d63fe8a1b,https://no.linkedin.com/jobs/view/%E0%A6%97%E0%A6%A3-%E0%A6%AC%E0%A6%BF%E0%A6%B6%E0%A7%8D%E0%A6%AC%E0%A6%AC%E0%A6%BF%E0%A6%A6%E0%A7%8D%E0%A6%AF%E0%A6%BE%E0%A6%B2%E0%A7%9F%E0%A7%87%E0%A6%B0-%E0%A6%AC%E0%A6%BF%E0%A6%AD%E0%A6%BF%E0%A6%A8%E0%A7%8D%E0%A6%A8-%E0%A6%AC%E0%A6%BF%E0%A6%AD%E0%A6%BE%E0%A6%97%E0%A7%87-%E0%A6%97%E0%A6%BE%E0%A7%9C%E0%A7%80%E0%A6%B0-%E0%A6%B9%E0%A7%87%E0%A6%B2%E0%A6%AA%E0%A6%BE%E0%A6%B0-%E0%A6%AA%E0%A6%A6%E0%A7%87-%E0%A6%A8%E0%A6%BF%E0%A7%9F%E0%A7%8B%E0%A6%97-%E0%A6%AC%E0%A6%BF%E0%A6%9C%E0%A7%8D%E0%A6%9E%E0%A6%AA%E0%A7%8D%E0%A6%A4%E0%A6%BF-at-gono-bishwabidyalay-4436492272,গণ বিশ্ববিদ্যালয়ের বিভিন্ন বিভাগে গাড়ীর হেলপার পদে নিয়োগ বিজ্ঞপ্তি,Gono Bishwabidyalay,failed|wp_post_failed,2026-07-07T01:03:50.569632,
cd8523efbf6fa916,https://no.linkedin.com/jobs/view/%C3%A5pen-s%C3%B8knad-at-bouvet-asa-4436405704,Åpen søknad,,scraped,2026-07-07T01:03:53.141011,
86a0a2771ddccb53,https://no.linkedin.com/jobs/view/inventory-specialist-at-brookshire-grocery-company-4435345937,Inventory Specialist,,scraped,2026-07-07T01:03:59.887520,
40f9c04b2a741e18,https://no.linkedin.com/jobs/view/%E0%A6%97%E0%A6%A3-%E0%A6%AC%E0%A6%BF%E0%A6%B6%E0%A7%8D%E0%A6%AC%E0%A6%AC%E0%A6%BF%E0%A6%A6%E0%A7%8D%E0%A6%AF%E0%A6%BE%E0%A6%B2%E0%A7%9F%E0%A7%87%E0%A6%B0-%E0%A6%AA%E0%A6%B0%E0%A6%BF%E0%A6%9A%E0%A7%8D%E0%A6%9B%E0%A6%A8%E0%A7%8D%E0%A6%A8%E0%A6%A4%E0%A6%BE-%E0%A6%95%E0%A6%B0%E0%A7%8D%E0%A6%AE%E0%A7%80-%E0%A6%A8%E0%A6%BF%E0%A6%B0%E0%A6%BE%E0%A6%AA%E0%A6%A4%E0%A7%8D%E0%A6%A4%E0%A6%BE-%E0%A6%95%E0%A6%B0%E0%A7%8D%E0%A6%AE%E0%A7%80-%E0%A6%AA%E0%A6%A6%E0%A7%87-%E0%A6%A8%E0%A6%BF%E0%A7%9F%E0%A7%8B%E0%A6%97-%E0%A6%AC%E0%A6%BF%E0%A6%9C%E0%A7%8D%E0%A6%9E%E0%A6%AA%E0%A7%8D%E0%A6%A4%E0%A6%BF-at-gono-bishwabidyalay-4436487510,গণ বিশ্ববিদ্যালয়ের পরিচ্ছন্নতা কর্মী/ নিরাপত্তা কর্মী পদে নিয়োগ বিজ্ঞপ্তি,Gono Bishwabidyalay,posted,2026-07-07T01:04:19.609276,21
e0dbe096bdcc4703,https://no.linkedin.com/jobs/view/metaverse-community-manager-at-neoki-4435097853,Metaverse Community Manager,,scraped,2026-07-07T01:04:22.170392,
9fe12e45a8d81601,https://no.linkedin.com/jobs/view/sports-director-news-reporter-at-with-radio-inc-4436039218,Sports Director/News Reporter,,scraped,2026-07-07T01:04:28.584724,
f88bc55c44822314,https://no.linkedin.com/jobs/view/director-global-shipping-logistics-at-kongsberg-defense-us-4435248062,Director Global Shipping & Logistics,,scraped,2026-07-07T01:04:35.491990,
5b05873fae06eb45,https://no.linkedin.com/jobs/view/creative-strategist-at-lox-club-4436912901,Creative Strategist,,scraped,2026-07-07T01:04:43.308823,
3cd98c40e9e2a461,https://no.linkedin.com/jobs/view/ui-ux-designer-at-tine-4435523881,UI/UX designer,,scraped,2026-07-07T01:04:50.323841,
6f5cefcf0eefac27,https://no.linkedin.com/jobs/view/supply-chain-coordinator-at-avincis-4433930256,Supply Chain Coordinator,,scraped,2026-07-07T01:04:57.137562,
ae53a924fa1c4a48,https://no.linkedin.com/jobs/view/mechanical-engineer-at-cisco-4427571025,Mechanical Engineer,Cisco,posted,2026-07-07T01:06:15.806003,23
672272ae92bbe238,https://no.linkedin.com/jobs/view/financial-controller-at-bayer-4431944738,Financial Controller,Bayer,posted,2026-07-07T01:06:30.528852,25
ebcf784a321c65ec,https://no.linkedin.com/jobs/view/regional-operations-manager-at-nter-talent-4436947192,Regional Operations Manager,,scraped,2026-07-07T01:06:33.108337,
1fac86714a4844fe,https://no.linkedin.com/jobs/view/graduate-2027-reservoir-engineer-at-v%C3%A5r-energi-4433156900,Graduate 2027 - Reservoir Engineer,,scraped,2026-07-07T01:06:40.199508,
56506bac946a43d5,https://no.linkedin.com/jobs/view/facility-operation-process-specialist-at-nordscale-operations-4437132925,Facility Operation Process Specialist,,scraped,2026-07-07T01:06:46.938656,
414d65ea05665fd3,https://no.linkedin.com/jobs/view/brenner-du-for-gode-gjesteopplevelser%3F-at-burger-king-norge-4436041640,Brenner du for gode gjesteopplevelser?,,scraped,2026-07-07T01:06:52.937467,
55e274b7001f0713,https://no.linkedin.com/jobs/view/amk-operat%C3%B8r%C2%A0-at-helgelandssykehuset-hf-4432556872,AMK-operatør,,scraped,2026-07-07T01:06:59.728809,
a23992d98f18df90,https://no.linkedin.com/jobs/view/proffpunkt-ansvarlig-at-bergg%C3%A5rd-amundsen-co-as-4435557918,ProffPunkt-ansvarlig,,scraped,2026-07-07T01:08:10.323771,
e004dee903c11d42,https://no.linkedin.com/jobs/view/fagarbeider-at-fauske-kommune-4437452153,Fagarbeider,Fauske kommune,posted,2026-07-07T01:08:52.091114,27
cffcfa5bd38e3ed7,https://no.linkedin.com/jobs/view/spennende-vikariat-i-100-%25-stilling-at-normal-a-s-4432786764,Spennende vikariat i 100 % stilling,,scraped,2026-07-07T01:08:54.919895,
0c3f5ad24e1c5c56,https://no.linkedin.com/jobs/view/veiarbeider-maskinf%C3%B8rer-at-svevia-4433185945,Veiarbeider/maskinfører,Svevia,posted,2026-07-07T01:09:47.174876,29
56dd573dee6c2573,https://no.linkedin.com/jobs/view/fagansvar-risikomodeller-at-lokalbank-4434962251,Fagansvar risikomodeller,,scraped,2026-07-07T01:09:49.830814,
d00f103a276233a4,https://no.linkedin.com/jobs/view/fast-dag-kveld-stilling-eller-nattvakt-sm%C3%A5-og-store-stillinger-over-18-circle-k-buktamo-at-circle-k-4425834633,"Fast dag/kveld stilling eller nattvakt, små og store stillinger (over 18) - Circle K Buktamo",,scraped,2026-07-07T01:09:56.285474,
f2eb84ccea2237ec,https://no.linkedin.com/jobs/view/commis-chef-kokk-at-nordic-hotels-resorts-4431992543,Commis Chef-Kokk,,scraped,2026-07-07T01:10:02.797498,
82f39b27874db6d0,https://no.linkedin.com/jobs/view/tiktok-shop-specialist-at-jobgether-4436224149,TikTok Shop Specialist,,scraped,2026-07-07T01:10:09.662587,
58a02c17f246310b,https://no.linkedin.com/jobs/view/senior-product-designer-at-softflies-4437130001,Senior Product Designer,,scraped,2026-07-07T01:10:16.441503,
c09407cc795f661b,https://no.linkedin.com/jobs/view/strategy-director-at-nordic-brief-4436476684,Strategy Director,,scraped,2026-07-07T01:11:26.457132,
ffd3fd90474aaa37,https://no.linkedin.com/jobs/view/freelance-english-to-norwegian-translator-mtpe-specialist-remote-at-acclaro-4436344695,Freelance English to Norwegian Translator / MTPE Specialist (Remote),,scraped,2026-07-07T01:11:48.235085,
65837e74397d4fbe,https://no.linkedin.com/jobs/view/vice-president-marketing-at-quanta-4432767481,Vice President Marketing,,scraped,2026-07-07T01:13:11.515891,
0d844b84ea00f436,https://no.linkedin.com/jobs/view/senior-designer-at-upday-4436313645,Senior Designer,,scraped,2026-07-07T01:14:22.327877,
f10cb1ac2c1dac92,https://no.linkedin.com/jobs/view/hse-coordinator-specialist-at-nordscale-operations-4437141467,HSE Coordinator Specialist,,scraped,2026-07-07T01:14:29.248535,
7a5e0869ee60339a,https://no.linkedin.com/jobs/view/science-lead-at-sunstone-institute-4436316130,Science Lead,,scraped,2026-07-07T01:15:39.402169,
9035a63ae3450fcd,https://no.linkedin.com/jobs/view/net-core-developer-at-carefolk-llc-4436190241,.NET Core Developer,,scraped,2026-07-07T01:16:50.163453,
674019f7fb6e9115,https://no.linkedin.com/jobs/view/tankstellenmitarbeiter-salzburg-m-w-d-teilzeit-at-orlen-austria-4436795925,Tankstellenmitarbeiter Salzburg (m/w/d) Teilzeit,,scraped,2026-07-07T01:17:07.160037,
cfc0b63512d4332a,https://no.linkedin.com/jobs/view/documentation-coordinator-at-leap29-4436496404,Documentation Coordinator,,scraped,2026-07-07T01:17:18.732743,
9e9a4272ef3c6cae,https://no.linkedin.com/jobs/view/compliance-analyst-freelance-ai-trainer-at-mindrift-4432337659,Compliance Analyst - Freelance AI Trainer,,scraped,2026-07-07T01:18:29.237616,
5ca49449d8e408a0,https://no.linkedin.com/jobs/view/cfo-at-aziwell-4437183193,CFO,,scraped,2026-07-07T01:18:36.528554,
76bef167dc7c26a7,https://no.linkedin.com/jobs/view/assistant-general-manager-at-wisdomwood-high-4435553038,Assistant General Manager,,scraped,2026-07-07T01:19:46.922705,
25c00430ce753e58,https://no.linkedin.com/jobs/view/assistant-athletic-director-part-time-cardinal-o-hara-high-school-at-archdiocese-of-philadelphia-secondary-schools-4433157436,ASSISTANT ATHLETIC DIRECTOR PART TIME CARDINAL O'HARA HIGH SCHOOL,,scraped,2026-07-07T01:19:53.727758,
90fe1591b223b0ba,https://no.linkedin.com/jobs/view/freelance-english-to-norwegian-translator-mtpe-specialist-remote-at-acclaro-4436357079,Freelance English to Norwegian Translator / MTPE Specialist (Remote),,scraped,2026-07-07T01:20:01.142100,
171f73d837b07b2e,https://no.linkedin.com/jobs/view/store-planner-at-xxl-4435488023,Store Planner,,scraped,2026-07-07T01:20:07.973936,
dca9896d50c5b9ef,https://no.linkedin.com/jobs/view/human-resources-manager-at-nordscale-operations-4437138546,Human Resources Manager,,scraped,2026-07-07T01:20:14.709934,
35515ea8ddf3a64f,https://no.linkedin.com/jobs/view/lox-club-matchmaker-at-lox-club-4436928304,Lox Club Matchmaker,,scraped,2026-07-07T01:20:20.744205,
6aaf44f4bfdfbf8b,https://no.linkedin.com/jobs/view/personal-assistant-at-choice-talents-ltd-4436926820,Personal Assistant,,scraped,2026-07-07T01:21:31.717740,
87632d7552133994,https://no.linkedin.com/jobs/view/admission-counsellor-at-wisdomwood-high-4435542280,Admission Counsellor,,scraped,2026-07-07T01:21:39.649776,
f0c16d2efc42b06f,https://no.linkedin.com/jobs/view/accountant-at-sme-careers-4425608918,Accountant,,scraped,2026-07-07T01:22:50.021783,
196b57b17fbcdec8,https://no.linkedin.com/jobs/view/junior-marketer-at-saga-4434979158,Junior Marketer,,scraped,2026-07-07T01:22:57.497304,
ff2d3eb01b3ee767,https://no.linkedin.com/jobs/view/lox-club-membership-committee-at-lox-club-4436918481,Lox Club Membership Committee,,scraped,2026-07-07T01:24:07.627382,
07a1f39f12c7a2af,https://no.linkedin.com/jobs/view/facility-director-at-nordscale-operations-4437136658,Facility Director,,scraped,2026-07-07T01:24:33.118673,
7172a1ec1df8c30f,https://no.linkedin.com/jobs/view/housekeepers-at-eurox-renhold-4436496876,Housekeepers,,scraped,2026-07-07T01:24:39.185335,
734ad31612440885,https://no.linkedin.com/jobs/view/regional-director-employee-relations-at-greystar-4433713142,"Regional Director, Employee Relations",,scraped,2026-07-07T01:24:47.289403,
046d4211ae065ee7,https://no.linkedin.com/jobs/view/helsesekret%C3%A6r-at-universitetssykehuset-nord-norge-4435441325,Helsesekretær,,scraped,2026-07-07T01:25:10.628406,
b4d6918ed1b9ad68,https://no.linkedin.com/jobs/view/k-5-christian-school-teacher-one-full-time-position-available-at-sacred-journey-academy-4436056811,K-5 Christian School Teacher  (One full-time position available),,scraped,2026-07-07T01:25:17.393887,
b3fec8c01858a4f7,https://no.linkedin.com/jobs/view/hands-on-delivery-planner-data-centres-buildings-high-tech-infrastructure-norway-hybrid-at-laminar-projects-4407619974,Hands-on Delivery Planner (Data Centres/Buildings/High-tech/Infrastructure) - Norway (Hybrid),,scraped,2026-07-07T01:25:24.930763,
675ea306efc3ca6e,https://no.linkedin.com/jobs/view/critical-service-shift-technician-at-cbre-global-workplace-solutions-gws-4436196246,Critical service shift technician,,scraped,2026-07-07T01:25:31.548327,
7b0b67e7a2f4cebb,https://no.linkedin.com/jobs/view/project-controller-at-hitachi-energy-4436703642,Project controller,,scraped,2026-07-07T01:25:38.895949,
e7fa944379653439,https://no.linkedin.com/jobs/view/prosjektst%C3%B8tte-at-mesta-4431268100,Prosjektstøtte,,scraped,2026-07-07T01:25:45.658843,
efc271096f47f80f,https://no.linkedin.com/jobs/view/global-abm-manager-at-autostore%E2%84%A2-4385937226,Global ABM Manager,,scraped,2026-07-07T01:25:52.812931,
d5418360bfcd2418,https://no.linkedin.com/jobs/view/assistant-front-office-manager-at-hyatt-regency-4218684020,Assistant Front Office Manager,Hyatt Regency,posted,2026-07-07T01:27:30.717701,32
282a73e23f2510be,https://no.linkedin.com/jobs/view/trives-du-med-kroppsarbeid-og-liker-deg-i-h%C3%B8yden%3F-renta-troms%C3%B8-s%C3%B8ker-stillasmont%C3%B8rer%21-at-renta-infra-as-4433744843,Trives du med kroppsarbeid og liker deg i høyden? Renta Tromsø søker stillasmontører!,,scraped,2026-07-07T01:27:33.356092,
c08b5d422a06e52b,https://no.linkedin.com/jobs/view/anskaffingsr%C3%A5dgjevar-100%25-fast-avd-innkj%C3%B8p-at-%C3%B8ygarden-kommune-4435784400,"Anskaffingsrådgjevar 100% fast, avd. Innkjøp",,scraped,2026-07-07T01:27:40.926863,
291c851ac4fed639,https://no.linkedin.com/jobs/view/er-du-nyutdannet-og-vil-l%C3%A6re-av-de-beste%3F-pwc-rekrutterer-n%C3%A5-til-revisjon-med-oppstart-h%C3%B8sten-2027-at-pwc-norway-4432349758,Er du nyutdannet og vil lære av de beste? PwC rekrutterer nå til Revisjon med oppstart høsten 2027,,scraped,2026-07-07T01:27:47.931743,
24bfa697f675d698,https://no.linkedin.com/jobs/view/norwegian-customer-service-for-luxury-retail-remote-relocation-to-greece-at-mercier-consultancy-md-4436763002,Norwegian Customer Service for Luxury Retail (Remote) | Relocation to Greece,,scraped,2026-07-07T01:27:54.748818,
4c40ded0bdc4ba3f,https://no.linkedin.com/jobs/view/sr-sales-manager-at-super-micro-computer-spain-s-l-4433999571,Sr. Sales Manager,"Super Micro Computer Spain, S.L.",posted,2026-07-07T01:29:34.508233,34
46a92dd3c3e5bd80,https://no.linkedin.com/jobs/view/lis-at-central-norway-regional-health-authority-4436713520,LIS,,scraped,2026-07-07T01:29:37.092271,
ab6492bb83d85748,https://no.linkedin.com/jobs/view/technical-manager-automotive-and-industrial-at-jobgether-4435426516,Technical Manager - Automotive and Industrial,,scraped,2026-07-07T01:29:44.184108,
f07c9a33f400fac2,https://no.linkedin.com/jobs/view/strong-communicators-needed-for-an-airbnb-luxe-home-consultant-project-oslo-no-at-upwork-4432343284,"Strong Communicators Needed for An Airbnb Luxe Home Consultant Project - Oslo, NO",Upwork,posted,2026-07-07T01:30:09.442882,36
f47fde0dc18d467c,https://no.linkedin.com/jobs/view/software-developer-contract-full-time-position-at-department-of-sociology-and-population-unima-4434358533,Software Developer (Contract - full-time position),,scraped,2026-07-07T01:30:12.032560,
0d23f1c77210cd6a,https://no.linkedin.com/jobs/view/jobb-som-apotektekniker-i-norges-nyeste-produksjonslokale-for-legemidler%21-at-central-norway-regional-health-authority-4436723023,Jobb som apotektekniker i Norges nyeste  produksjonslokale for legemidler!,,scraped,2026-07-07T01:30:24.294709,
d14ec22f3190f1e7,https://no.linkedin.com/jobs/view/avdelingsassistent-at-universitetssykehuset-nord-norge-4435450073,Avdelingsassistent,,scraped,2026-07-07T01:30:31.096292,
d063930249122bb3,https://no.linkedin.com/jobs/view/dietary-aid-cook-at-edgewood-convalescent-home-lincolnwood-assisted-living-4435027941,Dietary Aid / Cook,,scraped,2026-07-07T01:30:37.830423,
55caded725ec52ec,https://no.linkedin.com/jobs/view/norwegian-customer-care-for-mercedes-cars-fully-paid-relocation-to-athens-at-mercier-consultancy-md-4436762309,Norwegian Customer Care for Mercedes Cars | Fully Paid Relocation to Athens,,scraped,2026-07-07T01:31:36.480317,
61da286501967871,https://no.linkedin.com/jobs/view/r%C3%A5dgiver-%E2%80%93-vann-og-avl%C3%B8p-at-tysv%C3%A6r-kommune-4432788226,Rådgiver – vann og avløp,,scraped,2026-07-07T01:31:50.763632,
6f6ebe1202408adb,https://no.linkedin.com/jobs/view/business-developer-oslo-at-brightanalytics-4430002565,Business Developer (Oslo),,scraped,2026-07-07T01:31:57.997239,
dcbe2b00f7c6a0fa,https://no.linkedin.com/jobs/view/overlege-fmr-at-helgelandssykehuset-hf-4437167499,Overlege FMR,,scraped,2026-07-07T01:32:06.479312,
b4182a2ed591962b,https://no.linkedin.com/jobs/view/gode-og-trygge-nattevakter-s%C3%B8kes-til-positiv-og-glad-18-%C3%A5ring-v%C3%A5ken-nattevakt-at-uloba-sa-4435217501,Gode og trygge nattevakter søkes til positiv og glad 18 åring - våken nattevakt.,,scraped,2026-07-07T01:32:13.520903,
7536979d339977d4,https://no.linkedin.com/jobs/view/vernepleier-at-tysv%C3%A6r-kommune-4435565975,Vernepleier,,scraped,2026-07-07T01:32:20.048582,
aa51ae03f17833bb,https://no.linkedin.com/jobs/view/salgsmedarbeider-heltid-circle-k-olav-v-s-gate-100%25-m%C3%A5-v%C3%A6re-18-%C3%A5r-at-circle-k-4436204837,Salgsmedarbeider heltid Circle K Olav v's gate 100%. Må være 18 år.,,scraped,2026-07-07T01:32:27.125615,
5b045cda3219d46b,https://no.linkedin.com/jobs/view/senior-compensation-and-benefits-specialist-at-dnv-4373444778,Senior Compensation and Benefits Specialist,,scraped,2026-07-07T01:32:33.815203,
773a7e75ab7aeaf6,https://no.linkedin.com/jobs/view/time-park-s%C3%B8ker-driftsmedarbeider-parkeringsbetjent-at-thon-property-4435248696,Time Park søker driftsmedarbeider/parkeringsbetjent,,scraped,2026-07-07T01:32:40.541768,
dac6ff0074a9617d,https://no.linkedin.com/jobs/view/resepsjon-drift-variert-og-spennende-jobb-kveldsvakt-at-politih%C3%B8gskolen-4436194703,Resepsjon/drift - Variert og spennende jobb (kveldsvakt),Politihøgskolen,posted,2026-07-07T01:32:56.795823,38
f90f7e577bb84ea9,https://no.linkedin.com/jobs/view/vernepleier-at-fauske-kommune-4437437781,Vernepleier,Fauske kommune,posted,2026-07-07T01:34:00.913415,40
0bd011ea11d67115,https://no.linkedin.com/jobs/view/hris-manager-%E2%80%93-join-us-in-shaping-the-future-of-people-tech-at-strawberry-at-strawberry-4436313031,HRIS Manager – Join us in shaping the future of People Tech at Strawberry (,,scraped,2026-07-07T01:34:03.794383,
ad55bbab95b7233d,https://no.linkedin.com/jobs/view/er-du-klar-for-%C3%A5-forme-fremtiden-med-kunstig-intelligens%3F-at-knowit-4436770742,Er du klar for å forme fremtiden med kunstig intelligens?,,scraped,2026-07-07T01:34:10.687854,
cc37101baeb15507,https://no.linkedin.com/jobs/view/central-government-jobs-nfl-is-looking-for-engineers-assistant-managers-accounts-officers-and-others-details-here-at-the-kashmir-monitor-4434605634,"Central government jobs: NFL is looking for Engineers, Assistant Managers, Accounts Officers, and others; details here",,scraped,2026-07-07T01:34:18.121783,
6ca7ec18a272a964,https://no.linkedin.com/jobs/view/business-consultant-senior-business-consultant-manager-at-arribatec-group-4435262103,Business Consultant / Senior Business Consultant / Manager,,scraped,2026-07-07T01:34:25.609502,
e6853a13b58d5387,https://no.linkedin.com/jobs/view/deltidsstilling-assistent-at-uloba-sa-4435224359,Deltidsstilling assistent,,scraped,2026-07-07T01:34:33.237290,
4f483ac6c0139864,https://no.linkedin.com/jobs/view/director-organization-development-people-projects-at-kongsberg-4436729540,Director Organization Development & People Projects,,scraped,2026-07-07T01:34:39.873896,
f88b93ce3af07ed4,https://no.linkedin.com/jobs/view/director-culture-leadership-development-at-bulk-infrastructure-4436768903,Director Culture & Leadership Development,,scraped,2026-07-07T01:34:46.759396,
bbbd8e4ee9899815,https://no.linkedin.com/jobs/view/ai-engineer-at-ifindtech-ltd-4433959611,AI Engineer,,scraped,2026-07-07T01:35:58.216330,
eac9f0ee0d4ddb18,https://no.linkedin.com/jobs/view/graduate-2027-d-w-engineer-at-v%C3%A5r-energi-4433173108,Graduate 2027 - D&W Engineer,,scraped,2026-07-07T01:36:10.417706,
fd5a9bf8baa6bda6,https://no.linkedin.com/jobs/view/claims-processing-agent-freelance-ai-trainer-at-mindrift-4432389392,Claims Processing Agent - Freelance AI Trainer,Mindrift,posted,2026-07-07T01:36:23.154729,42
64d4742281e9eefc,https://no.linkedin.com/jobs/view/thon-hotel-baronen-s%C3%B8ker-deltidsansatte-og-ekstrahjelper-at-thon-gruppen-4436329215,Thon Hotel Baronen søker deltidsansatte og ekstrahjelper,,scraped,2026-07-07T01:36:25.745240,
9d367d2e28b566ba,https://no.linkedin.com/jobs/view/groundcare-and-agricultural-engineer-%E2%80%93-december-2025-at-e-g-coles-4437169924,Groundcare and Agricultural Engineer – December 2025,,scraped,2026-07-07T01:36:32.669764,
a38a7d667445a6d2,https://no.linkedin.com/jobs/view/data-controller-at-dof-4436724139,Data Controller,,scraped,2026-07-07T01:36:43.349344,
8e48236b546a6ef5,https://no.linkedin.com/jobs/view/nyutdannet-i-2027%3F-gj%C3%B8r-karriere-innen-revisjon-hos-bdo-at-bdo-norge-4432371974,Nyutdannet i 2027? Gjør karriere innen revisjon hos BDO,,scraped,2026-07-07T01:36:49.832359,
d79428347e8a71b2,https://no.linkedin.com/jobs/view/prosessoperat%C3%B8r-alcoa-mosj%C3%B8en-st%C3%B8periet-at-alcoa-4436129891,Prosessoperatør Alcoa Mosjøen - Støperiet,,scraped,2026-07-07T01:36:56.942563,
13839881af6ae80f,https://no.linkedin.com/jobs/view/driftsoperat%C3%B8r-at-hafslund-4435455208,Driftsoperatør,,scraped,2026-07-07T01:38:15.305876,
1f18f3377f8b901a,https://no.linkedin.com/jobs/view/jordmor-ved-f%C3%B8de-barselseksjonen-troms%C3%B8-at-universitetssykehuset-nord-norge-4435431730,Jordmor ved Føde-/barselseksjonen Tromsø,,scraped,2026-07-07T01:38:22.973965,
3f6903a162cda312,https://no.linkedin.com/jobs/view/security-engineer-at-autostore%E2%84%A2-4436206639,Security Engineer,,scraped,2026-07-07T01:38:29.703849,
97a2ed0d462ff10e,https://no.linkedin.com/jobs/view/email-marketing-specialist-at-audaremail-4437470307,Email Marketing Specialist,,scraped,2026-07-07T01:38:37.955139,
59f81f37b998b65e,https://no.linkedin.com/jobs/view/operations-supervisor-at-bulk-infrastructure-4425628023,Operations Supervisor,,scraped,2026-07-07T01:38:59.715899,
f649fb81abdfc0fd,https://no.linkedin.com/jobs/view/customer-support-agent-at-tf-bank-ab-publ-4434337952,Customer Support Agent,,scraped,2026-07-07T01:39:06.792842,
a690cb52d53c54fd,https://no.linkedin.com/jobs/view/director-of-operations-%E2%80%93-north-sea-at-nov-4435561008,Director of Operations – North Sea,,scraped,2026-07-07T01:39:13.832456,
91ca33b1bff05b1e,https://no.linkedin.com/jobs/view/learner-success-manager-at-techup-4437177768,Learner Success Manager,TechUp,posted,2026-07-07T01:39:45.598110,44
33c450da3e10a9e1,https://no.linkedin.com/jobs/view/sales-assistant-50%25-xxl-fredrikstad-at-xxl-4435466986,"Sales Assistant 50%, XXL Fredrikstad",,scraped,2026-07-07T01:39:48.248846,
4aa272e4c881716d,https://no.linkedin.com/jobs/view/norwegian-customer-care-work-on-site-or-remote-in-greece-at-next-job-abroad-4436310572,Norwegian Customer Care - Work On-site or Remote in Greece,,scraped,2026-07-07T01:39:54.736854,
01381e272692d5ff,https://no.linkedin.com/jobs/view/norwegian-customer-service-for-e-commerce-remote-paid-relocation-to-greece-at-mercier-consultancy-md-4436761519,Norwegian Customer Service for E-Commerce (Remote) | Paid Relocation to Greece,,scraped,2026-07-07T01:40:02.231520,
e614e1b84180f9eb,https://no.linkedin.com/jobs/view/customer-service-representative-f-m-d-norway-at-pair-finance-4433171948,Customer Service Representative (f/m/d) - Norway,,scraped,2026-07-07T01:40:21.311752,
cb90d168ff0ecd06,https://no.linkedin.com/jobs/view/electrical-engineers-security-officers-cooling-engineers-at-compute-nordic-ltd-4437405638,"Electrical Engineers, Security officers, Cooling engineers",,scraped,2026-07-07T01:40:28.309669,
5e374e3a07517fd5,https://no.linkedin.com/jobs/view/norwegian-customer-service-for-e-commerce-remote-paid-relocation-to-greece-at-mercier-consultancy-md-4436759756,Norwegian Customer Service for E-Commerce (Remote) | Paid Relocation to Greece,,scraped,2026-07-07T01:40:35.368467,
68b90b7e5481702e,https://no.linkedin.com/jobs/view/freelance-digital-specialist-meta-focus-at-the-engine-is-red-4437424489,FREELANCE DIGITAL SPECIALIST | META FOCUS,,scraped,2026-07-07T01:40:42.335525,
bd57f77bd215d367,https://no.linkedin.com/jobs/view/regency-club-manager-at-hyatt-regency-4386503997,Regency Club Manager,Hyatt Regency,posted,2026-07-07T01:41:58.605457,46
8f2abc2b045ee1a0,https://no.linkedin.com/jobs/view/shop-manager-trekanten-senter-at-rituals-cosmetics-norway-b-corp%E2%84%A2-4426325195,Shop Manager - Trekanten Senter,,scraped,2026-07-07T01:42:01.315184,
a8490be0b5ad0d60,https://no.linkedin.com/jobs/view/tender-expert-power-systems-at-schneider-electric-4435447298,Tender Expert - Power Systems,Schneider Electric,posted,2026-07-07T01:42:17.617121,48
00dfae7714bdbc84,https://no.linkedin.com/jobs/view/butikkleder-at-change-lingerie-4428154588,Butikkleder,CHANGE Lingerie,posted,2026-07-07T01:42:29.416895,50
7fd6e7c3438a8e00,https://no.linkedin.com/jobs/view/material-controller-supply-chain-at-nexans-4436731826,Material Controller Supply Chain,,scraped,2026-07-07T01:42:32.027858,
168f8ec7b59839c2,https://no.linkedin.com/jobs/view/time-park-s%C3%B8ker-driftsmedarbeider-parkeringsbetjent-at-thon-gruppen-4436325381,Time Park søker driftsmedarbeider/parkeringsbetjent,,scraped,2026-07-07T01:42:40.877096,
317562afef09223a,https://no.linkedin.com/jobs/view/teamleder-at-lindab-norge-4436231702,Teamleder,,scraped,2026-07-07T01:42:47.778594,
6659aeb6d24577b5,https://no.linkedin.com/jobs/view/discipline-manager-%E2%80%93-cad-at-wood-4426340903,Discipline Manager – CAD,Wood,posted,2026-07-07T01:43:06.042946,52
aac099bfcd71a3f2,https://no.linkedin.com/jobs/view/r%C3%A5dgiver-at-vestfold-fylkeskommune-4435225035,Rådgiver,,scraped,2026-07-07T01:43:08.681687,
79edd7540625c54a,https://no.linkedin.com/jobs/view/technical-specialist-l3-bms-auto-process-at-nordscale-operations-4437145352,Technical Specialist L3 (BMS Auto/Process),,scraped,2026-07-07T01:43:15.509303,
4e1800b6e0850c80,https://no.linkedin.com/jobs/view/mekaniker-%C3%A5pen-s%C3%B8knad-at-scania-group-4361252028,Mekaniker - Åpen søknad,,scraped,2026-07-07T01:43:21.841294,
4758c62d8e2c9519,https://no.linkedin.com/jobs/view/hr-generalist-karm%C3%B8y-at-speira-4436748237,HR Generalist Karmøy,,scraped,2026-07-07T01:43:28.446082,
a46e4a1db1f39fac,https://no.linkedin.com/jobs/view/pastry-chef-at-relais-ch%C3%A2teaux-4433934420,Pastry Chef,,scraped,2026-07-07T01:43:35.517043,
99c9508f7fa53d89,https://no.linkedin.com/jobs/view/er-du-nyutdannet-og-vil-l%C3%A6re-av-de-beste%3F-pwc-rekrutterer-n%C3%A5-til-deals-med-oppstart-h%C3%B8sten-2027-at-pwc-norway-4432367168,Er du nyutdannet og vil lære av de beste? PwC rekrutterer nå til Deals med oppstart høsten 2027,,scraped,2026-07-07T01:43:42.756974,
42a91c295ba31a31,https://no.linkedin.com/jobs/view/business-development-manager-at-icr-4437143669,Business Development Manager,,scraped,2026-07-07T01:43:49.714000,
d704b418055f29ca,https://no.linkedin.com/jobs/view/security-risk-and-compliance-analyst-at-autostore%E2%84%A2-4435205966,Security Risk and Compliance Analyst,,scraped,2026-07-07T01:43:56.691811,
eca9d17b24f2cd3d,https://no.linkedin.com/jobs/view/assisterende-enhetsleder-at-finnmark-hospital-trust-4429389644,Assisterende enhetsleder,,scraped,2026-07-07T01:44:04.804513,
cec4e087c43415d0,https://no.linkedin.com/jobs/view/sales-executives-at-foodora-4407397042,Sales Executives,foodora,posted,2026-07-07T01:44:22.714636,54
f5f864ae3c5320c6,https://no.linkedin.com/jobs/view/associate-manager-%E2%80%93-engineering-at-carefolk-llc-4436187295,Associate Manager – Engineering,,scraped,2026-07-07T01:44:25.527170,
ad54a871eb2cedde,https://no.linkedin.com/jobs/view/prosjektutvikler-eiendom-4436410517,Prosjektutvikler Eiendom,Magne Værnes Invest AS,posted,2026-07-07T01:44:46.738696,56
45864586ac81d32e,https://no.linkedin.com/jobs/view/managing-partner-at-antal-international-4432791793,Managing Partner,,scraped,2026-07-07T01:44:49.478468,
d913d3cc16752865,https://no.linkedin.com/jobs/view/driftstekniker-at-gi-group-4436486964,Driftstekniker,,scraped,2026-07-07T01:44:55.542518,
105b907b913038ae,https://no.linkedin.com/jobs/view/leder-analyse-bm-at-sparebank-1-s%C3%B8r-norge-4436330193,Leder analyse BM,SpareBank 1 Sør-Norge,posted,2026-07-07T01:45:11.212818,58
973c6825940d9189,https://no.linkedin.com/jobs/view/kontaktperson-i-unders%C3%B8king-og-hjelpetiltaksteamet-at-sogndal-kommune-4436035143,Kontaktperson i undersøking- og hjelpetiltaksteamet,Sogndal kommune,posted,2026-07-07T01:46:05.997642,60
c55ef3fedd0d08e7,https://no.linkedin.com/jobs/view/services-manager-armo-supervisor-at-baker-hughes-4417746313,Services Manager - ARMO Supervisor,,scraped,2026-07-07T01:46:08.415893,
afd074b534966f36,https://no.linkedin.com/jobs/view/avdelingsleder-at-kristiansund-kommune-4436901796,Avdelingsleder,,scraped,2026-07-07T01:46:21.264849,
6294f6420a51363e,https://no.linkedin.com/jobs/view/pastry-chef-at-nordic-hotels-resorts-4431987642,Pastry Chef,,scraped,2026-07-07T01:46:28.328595,
0187ce66d97f9c5f,https://no.linkedin.com/jobs/view/finance-admin-and-logistician-delegate-emergency-response-roster-at-norwegian-red-cross-4433700352,"Finance/Admin and Logistician Delegate, Emergency Response Roster",,scraped,2026-07-07T01:46:35.170502,
6b4a056f3fcbcf74,https://no.linkedin.com/jobs/view/sponsoransvarlig-at-hafslund-4435204655,Sponsoransvarlig,,scraped,2026-07-07T01:46:42.299511,
0396e7de747a89cf,https://no.linkedin.com/jobs/view/smittevernoverlege-for-finnmarkssykehuset-at-universitetssykehuset-nord-norge-4435435524,Smittevernoverlege for  Finnmarkssykehuset,,scraped,2026-07-07T01:46:49.503144,
f8037d27e35e8301,https://no.linkedin.com/jobs/view/produksjonsmedarbeider-at-trio-bemanning-as-4435439643,Produksjonsmedarbeider,,scraped,2026-07-07T01:46:56.385508,
73600a016f27e407,https://no.linkedin.com/jobs/view/information-manager-im-at-etterretningstjenesten-4437430025,Information Manager (IM),,scraped,2026-07-07T01:47:46.870653,
062baa99f811888c,https://no.linkedin.com/jobs/view/workshop-manager-assistant-turnus-stilling-at-tip-group-4429479181,Workshop Manager Assistant - Turnus stilling,,scraped,2026-07-07T01:47:53.392955,
b4b956dbb4000c5a,https://no.linkedin.com/jobs/view/overlege-at-akershus-universitetssykehus-4433178549,Overlege,,scraped,2026-07-07T01:48:00.005943,
004887653669f787,https://no.linkedin.com/jobs/view/fsp-cra-norway-fully-client-dedicated-at-thermo-fisher-scientific-4433747299,"FSP CRA Norway, fully client dedicated",,scraped,2026-07-07T01:48:07.068153,
7e60ba71060fe799,https://no.linkedin.com/jobs/view/sales-engineer-at-hitachi-energy-4436704618,Sales Engineer,,scraped,2026-07-07T01:48:38.305106,
740fb1984985a9fb,https://no.linkedin.com/jobs/view/salgsmedarbeider-fast-25%25-og-50%25-stilling-over-18-%C3%A5r-pizzabakeren-x-circle-k-gol-at-circle-k-4426045864,"Salgsmedarbeider, fast 25% og 50% stilling (Over 18 år) PIzzabakeren x Circle K Gol",,scraped,2026-07-07T01:48:44.993987,
18c086b5bf536250,https://no.linkedin.com/jobs/view/project-development-coordinator-at-fossefall-4435545252,Project Development Coordinator,,scraped,2026-07-07T01:48:51.854259,
454872383295a5af,https://no.linkedin.com/jobs/view/tilkallingsvikarer-natt-at-bufetat-barne-ungdoms-og-familieetaten-4431919028,"Tilkallingsvikarer, natt",,scraped,2026-07-07T01:49:17.635211,
a46aa55cdbaf72f7,https://no.linkedin.com/jobs/view/selger-at-change-lingerie-norge-4433515234,Selger,CHANGE Lingerie Norge,posted,2026-07-07T01:49:35.017201,62
13d837e097625e28,https://no.linkedin.com/jobs/view/project-manager-at-eaton-4407209603,Project Manager,Eaton,posted,2026-07-07T01:50:21.876660,64
be71847ad3bb6d88,https://no.linkedin.com/jobs/view/product-manager-erp-sap-at-fjellsport-no-4435255406,Product Manager ERP (SAP),,scraped,2026-07-07T01:50:24.737943,
3dc9c42c9c63178c,https://no.linkedin.com/jobs/view/seaside-s%C3%B8ger-en-at-street-food-district-4436258551,SEASIDE SØGER EN,,scraped,2026-07-07T01:50:30.826231,
c7a8258af740d5ef,https://no.linkedin.com/jobs/view/freelance-agent-evaluation-engineer-at-mindrift-4437157388,Freelance Agent Evaluation Engineer,,scraped,2026-07-07T01:50:39.489693,
837c893cd6f873c8,https://no.linkedin.com/jobs/view/project-manager-at-telavox-4434134116,Project Manager,,scraped,2026-07-07T01:50:55.103382,
29f18cb138038e40,https://no.linkedin.com/jobs/view/engineer-rapid-response-at-hmh-4435351018,Engineer Rapid Response,,scraped,2026-07-07T01:51:03.166165,
2d3f34f1a49b00cc,https://no.linkedin.com/jobs/view/executive-assistant-to-evp-at-nammo-raufoss-as-4435153878,Executive Assistant to EVP,,scraped,2026-07-07T01:51:09.766121,
fe2825670dfbbc3b,https://no.linkedin.com/jobs/view/team-lead-back-end-sales-service-apps-at-sector-alarm-group-4436737676,Team Lead - Back End - Sales & Service Apps,,scraped,2026-07-07T01:51:16.858595,
94aab0ca4d812999,https://no.linkedin.com/jobs/view/team-manager-software-at-kongsberg-defense-us-4436051137,Team Manager Software,,scraped,2026-07-07T01:51:24.016329,
4fbc7e339f8292da,https://no.linkedin.com/jobs/view/devops-engineer-aws-at-softflies-4437109780,DevOps Engineer (AWS),,scraped,2026-07-07T01:51:51.652411,
29b03b8df3558f5d,https://no.linkedin.com/jobs/view/quotation-rfq-lifting-safety-coach-at-ikm-consultants-as-4436056791,Quotation (RFQ) Lifting / Safety Coach,,scraped,2026-07-07T01:51:57.850507,
7301825f2229cfb6,https://no.linkedin.com/jobs/view/simulation-engineer-at-sperton-where-great-people-meet-4437111291,Simulation Engineer,,scraped,2026-07-07T01:52:05.458454,
b8763c23fac42590,https://no.linkedin.com/jobs/view/er-du-trondheims-r%C3%A5este-butikkleder%3F-%F0%9F%9A%80-at-kid-interi%C3%B8r-4436927553,Er du Trondheims råeste butikkleder? 🚀,,scraped,2026-07-07T01:52:14.903050,
e2ab6a51181d45f5,https://no.linkedin.com/jobs/view/hamar-tannklinikk-tannlege-at-innlandet-fylkeskommune-4436901562,Hamar tannklinikk-Tannlege,,scraped,2026-07-07T01:52:21.933123,
52c98f787da611df,https://no.linkedin.com/jobs/view/medical-specialist-at-randstad-care-4428916908,Medical Specialist,,scraped,2026-07-07T01:52:28.793656,
2c2f48382f8d56ab,https://no.linkedin.com/jobs/view/helsefagarbeider-100-%25-dagtid-at-sandefjord-kommune-4435426615,Helsefagarbeider 100 % dagtid,,scraped,2026-07-07T01:52:35.200264,
0b86f9f52fbb68fd,https://no.linkedin.com/jobs/view/butikkleder-vero-moda-object-flagship-store-torgallmenningen-at-vero-moda-4436786452,Butikkleder - VERO MODA/OBJECT Flagship Store Torgallmenningen,,scraped,2026-07-07T01:52:42.540563,
30370294f93e8735,https://no.linkedin.com/jobs/view/nike-front-of-house-lead-at-retailors-4384061322,Nike - Front of House Lead,,scraped,2026-07-07T01:52:49.609215,
1081b0b40485119d,https://no.linkedin.com/jobs/view/data-analyst-7246-at-cromwell-tools-export-4436934381,Data Analyst (7246),,scraped,2026-07-07T01:52:56.069280,
6f66a8b75945d2d1,https://no.linkedin.com/jobs/view/politifullmektig-at-%C3%B8st-politidistrikt-4431906256,Politifullmektig,,scraped,2026-07-07T01:53:08.627332,
1c4d9bedeab72297,https://no.linkedin.com/jobs/view/social-media-strategist-at-strawberry-4435804756,Social Media Strategist,,scraped,2026-07-07T01:53:15.341446,
e5f34ddd4181fde2,https://no.linkedin.com/jobs/view/bautechniker-m-w-d-at-haring-ausbau-%2B-fassade-gmbh-4431905795,Bautechniker (m/w/d),,scraped,2026-07-07T01:53:21.500205,
348f8497479d835a,https://no.linkedin.com/jobs/view/vil-du-jobbe-i-vitusapotek-ringebu-der-din-kompetanse-gj%C3%B8r-en-forskjell%3F-at-vitusapotek-4437189054,"Vil du jobbe i Vitusapotek Ringebu, der din kompetanse gjør en forskjell?",,scraped,2026-07-07T01:53:28.138234,
55fb5a08105bf775,https://no.linkedin.com/jobs/view/bid-manager-dnv-cyber-at-dnv-4433932860,Bid Manager - DNV Cyber,,scraped,2026-07-07T01:53:35.142227,
14e304adeca3cf38,https://no.linkedin.com/jobs/view/bakerisjef-at-bakehuset-as-4436177586,Bakerisjef,Bakehuset AS,posted,2026-07-07T01:54:25.856263,66
c4e9dfa3e865df5e,https://no.linkedin.com/jobs/view/advisor-at-lowell-4426060378,Advisor,,scraped,2026-07-07T01:54:28.561952,
fd794e314d5a815c,https://no.linkedin.com/jobs/view/application-specialist-application-operations-center-at-intility-4433961393,Application Specialist - Application Operations Center,,scraped,2026-07-07T01:54:35.642335,
4a3018399de475a3,https://no.linkedin.com/jobs/view/hse-inspector-at-ikm-consultants-as-4436070331,HSE Inspector,,scraped,2026-07-07T01:54:43.067091,
204935f45c158f03,https://no.linkedin.com/jobs/view/senior-purchaser-at-framo-4436750032,Senior Purchaser,,scraped,2026-07-07T01:54:50.117509,
d369a62304839d18,https://no.linkedin.com/jobs/view/project-procurement-specialist-at-hitachi-energy-4436704619,Project Procurement Specialist,,scraped,2026-07-07T01:54:57.342886,
8db26527290e6248,https://no.linkedin.com/jobs/view/nyutdannet-i-2027%3F-bli-en-del-av-consulting-i-bdo-at-bdo-norge-4432378814,Nyutdannet i 2027? Bli en del av Consulting i BDO,,scraped,2026-07-07T01:55:03.992346,
e4ac87f88606ce07,https://no.linkedin.com/jobs/view/nyutdannet-i-2027%3F-gj%C3%B8r-karriere-innen-revisjon-hos-bdo-at-bdo-norge-4432391224,Nyutdannet i 2027? Gjør karriere innen revisjon hos BDO,,scraped,2026-07-07T01:55:11.437779,
24aa7cd778ecd222,https://no.linkedin.com/jobs/view/deputy-editor-at-sunstone-institute-4436705606,Deputy Editor,,scraped,2026-07-07T01:55:17.846948,
769276847f20d98a,https://no.linkedin.com/jobs/view/chef-de-partie-at-nordic-hotels-resorts-4431978879,Chef de Partie,,scraped,2026-07-07T01:55:25.561644,
441cea4feb028169,https://no.linkedin.com/jobs/view/ma%C3%AEtre-d%E2%80%99-%E2%80%93-ekspedisjonshallen-at-nordic-hotels-resorts-4432384870,Maître d’ – Ekspedisjonshallen,,scraped,2026-07-07T01:55:32.306950,
3199bf012b4538d1,https://no.linkedin.com/jobs/view/nyutdannet-i-2027%3F-gj%C3%B8r-karriere-innen-revisjon-hos-bdo-at-bdo-norge-4432380851,Nyutdannet i 2027? Gjør karriere innen revisjon hos BDO,,scraped,2026-07-07T01:55:39.127442,
5cbf2bbb5a974ea4,https://no.linkedin.com/jobs/view/ventilasjonsmont%C3%B8r-at-bravida-norge-as-4435454570,Ventilasjonsmontør,,scraped,2026-07-07T01:55:45.285614,
63278f3618dfb220,https://no.linkedin.com/jobs/view/ticket-services-rep-part-time-at-the-fabulous-fox-4435793934,Ticket Services Rep (Part-time),,scraped,2026-07-07T01:55:52.740195,
7e1dad8b12bf5666,https://no.linkedin.com/jobs/view/thon-hotel-ski-s%C3%B8ker-resepsjonist-at-thon-gruppen-4436322508,Thon Hotel Ski søker Resepsjonist,,scraped,2026-07-07T01:56:00.521554,
7832b10f1a921952,https://no.linkedin.com/jobs/view/boreingeni%C3%B8rer-at-ikm-consultants-as-4435020957,Boreingeniører,,scraped,2026-07-07T01:56:07.284453,
cbb3f34bc4ef0d79,https://no.linkedin.com/jobs/view/ios-engineer-swift-swiftui-at-softflies-4437111772,iOS Engineer (Swift/SwiftUI),,scraped,2026-07-07T01:56:14.205824,
415212570b851f7c,https://no.linkedin.com/jobs/view/selger-ski-at-kjell-company-4436229117,"Selger | Ski,",,scraped,2026-07-07T01:56:20.766759,
87186f6969916b72,https://no.linkedin.com/jobs/view/thon-hotel-hammerfest-s%C3%B8ker-resepsjonist-at-thon-gruppen-4437166659,Thon Hotel Hammerfest søker Resepsjonist,,scraped,2026-07-07T01:56:28.767824,
55fd8fed5734ef05,https://no.linkedin.com/jobs/view/fagl%C3%A6rer-i-tysk-at-finnmark-fylkeskommune-4434968427,Faglærer i tysk,,scraped,2026-07-07T01:56:35.580564,
8f0e59194e9cb74d,https://no.linkedin.com/jobs/view/customer-project-quality-manager-at-schneider-electric-4435575196,Customer Project Quality Manager,Schneider Electric,posted,2026-07-07T01:56:53.764343,68
69353e526f59c24f,https://no.linkedin.com/jobs/view/ai-co-founder-ceo-100-%25-remote-m-f-d-at-ewor-4435480441,AI Co-Founder / CEO (100 % remote) (m/f/d),,scraped,2026-07-07T01:56:56.426179,
085533e9c2994798,https://no.linkedin.com/jobs/view/kvalitetsr%C3%A5dgjevar-at-central-norway-regional-health-authority-4436704889,Kvalitetsrådgjevar,,scraped,2026-07-07T01:57:02.992597,
1ac71c007fd20ee3,https://no.linkedin.com/jobs/view/va-ingeni%C3%B8r-4436103135,VA Ingeniør,Norsk Rørsenter AS,posted,2026-07-07T01:57:14.564207,70
59ef4088da4c1fec,https://no.linkedin.com/jobs/view/pensjonsr%C3%A5dgiver-alder-at-storebrand-4437418258,Pensjonsrådgiver Alder,Storebrand,posted,2026-07-07T01:57:26.418638,72
953d4ada9a772ce2,https://no.linkedin.com/jobs/view/spot-trade-sales-specialist-at-3stepit-4435565623,Spot Trade Sales Specialist,,scraped,2026-07-07T01:57:29.362774,
30a3f887ec3d684b,https://no.linkedin.com/jobs/view/optisk-partner-med-klinisk-blikk-og-entrepren%C3%B8r%C3%A5nd-at-specsavers-4381783533,Optisk partner med klinisk blikk og entreprenørånd,,scraped,2026-07-07T01:57:36.058548,
7cfbf09734495988,https://no.linkedin.com/jobs/view/senior-contracts-manager-at-baker-hughes-4436453959,Senior Contracts Manager,,scraped,2026-07-07T01:57:42.582018,
a06f08c467e1a070,https://no.linkedin.com/jobs/view/sales-engineer-at-nov-4423154334,Sales Engineer,,scraped,2026-07-07T01:59:07.242878,
e0d68fc0c8c5eb46,https://no.linkedin.com/jobs/view/geologist-at-feiring-4432756997,Geologist,,scraped,2026-07-07T02:00:31.371781,
dffc479a64176639,https://no.linkedin.com/jobs/view/renta-stord-s%C3%B8ker-en-operativ-driftsleder-som-trives-n%C3%A5r-tempoet-er-h%C3%B8yt-kundene-er-mange-og-ingen-dager-er-helt-like-at-renta-infra-as-4433745785,"Renta Stord søker en operativ driftsleder som trives når tempoet er høyt, kundene er mange og ingen dager er helt like.",,scraped,2026-07-07T02:00:39.108385,
0b1c641dc59f5863,https://no.linkedin.com/jobs/view/security-engineer-at-autostore%E2%84%A2-4436099979,Security Engineer,,scraped,2026-07-07T02:00:46.647330,
1b16b17dc2bf1fcf,https://no.linkedin.com/jobs/view/p-id-tekniker-at-ge-healthcare-4398011747,P&ID Tekniker,,scraped,2026-07-07T02:00:55.252587,
1b6857bd5619db9d,https://no.linkedin.com/jobs/view/trygghetsvekter-stavanger-sentrum-at-avarn-security-norge-4436723914,Trygghetsvekter - Stavanger sentrum,,scraped,2026-07-07T02:01:02.269815,
d88cb6edc85b30b9,https://no.linkedin.com/jobs/view/verkstedtekniker-depot-engineer-at-aggreko-4436103431,Verkstedtekniker - Depot Engineer,,scraped,2026-07-07T02:01:10.088647,
2459a4834d65976a,https://no.linkedin.com/jobs/view/nordic-sales-enablement-operations-specialist-at-nielseniq-4435055555,Nordic Sales Enablement & Operations Specialist,,scraped,2026-07-07T02:01:17.079060,
d1a26e448d927ea7,https://no.linkedin.com/jobs/view/facility-technical-senior-manager-at-nordscale-operations-4437143449,Facility Technical Senior Manager,,scraped,2026-07-07T02:02:02.651286,
c79ceb03bac5c0fe,https://no.linkedin.com/jobs/view/%C3%A5pen-s%C3%B8knad-deloitte-advokatfirma-erfaren-at-deloitte-4387809487,Åpen søknad Deloitte Advokatfirma (erfaren),Deloitte,posted,2026-07-07T02:02:16.335676,74
e4672125de2df47a,https://no.linkedin.com/jobs/view/risk-manager-aerospace-propulsion-%E2%80%93-nammo-at-nammo-raufoss-as-4436474239,Risk Manager - Aerospace Propulsion – Nammo,,scraped,2026-07-07T02:02:18.988496,
9a6ccf5eb0413a3f,https://no.linkedin.com/jobs/view/rental-sales-agent-at-avis-budget-group-4436070886,Rental Sales Agent,Avis Budget Group,posted,2026-07-07T02:02:56.342791,76
c2e053a95a48ed04,https://no.linkedin.com/jobs/view/%C3%B8nsker-du-%C3%A5-bygge-en-karriere-i-fronten-av-sikkerhetsteknologi%3F-at-stanley-security-norway-4436790574,Ønsker du å bygge en karriere i fronten av sikkerhetsteknologi?,,scraped,2026-07-07T02:02:59.002702,
950ce8d9938563be,https://no.linkedin.com/jobs/view/fengselsinspekt%C3%B8r-aspirantleiar-at-kriminalomsorgen-4436746626,Fengselsinspektør - aspirantleiar,,scraped,2026-07-07T02:03:05.543847,
2f88f03a55dd4766,https://no.linkedin.com/jobs/view/energimont%C3%B8r-energitekniker-at-statnett-sf-4435212605,Energimontør/Energitekniker,Statnett SF,posted,2026-07-07T02:03:21.574341,78
de90c5c10a7c6e43,https://no.linkedin.com/jobs/view/assisterende-butikksjef-jysk-holmen-at-jysk-4432709287,Assisterende Butikksjef JYSK Holmen,,scraped,2026-07-07T02:03:24.274187,
8a410cbec68018a7,https://no.linkedin.com/jobs/view/lead-frontend-engineer-at-carefolk-llc-4436175702,Lead Frontend Engineer,CareFolk LLC,posted,2026-07-07T02:03:37.688523,80
476194d0079d7787,https://no.linkedin.com/jobs/view/regional-it-ot-specialist-for-bu-service-at-hitachi-energy-4434625883,Regional IT/OT Specialist for BU Service,,scraped,2026-07-07T02:03:40.337881,
ba28f8168f00c5b0,https://no.linkedin.com/jobs/view/site-manager-at-leap29-4436497258,Site Manager,,scraped,2026-07-07T02:03:46.833523,
bbcd9066cf7f6181,https://no.linkedin.com/jobs/view/product-specialist-nhs-norway-at-nestl%C3%A9-health-science-4436368930,Product Specialist NHS Norway,,scraped,2026-07-07T02:03:53.698426,
0000fb07830ba09d,https://no.linkedin.com/jobs/view/allround-marketeer-contentmaker-at-schieland-borsboom-nvm-makelaars-4435457573,allround marketeer & contentmaker,,scraped,2026-07-07T02:04:00.475633,
75b209c0ce1adef3,https://no.linkedin.com/jobs/view/assisterende-butikksjef-jysk-slependen-at-jysk-4433799715,Assisterende Butikksjef JYSK Slependen,,scraped,2026-07-07T02:04:08.311526,
f6ffe6ce1540e9ad,https://no.linkedin.com/jobs/view/approval-engineer-at-dnv-4433931869,Approval Engineer,,scraped,2026-07-07T02:04:14.631149,
251afcc9f558d089,https://no.linkedin.com/jobs/view/discipline-manager-%E2%80%93-cad-at-wood-4436309292,Discipline Manager – CAD,Wood,posted,2026-07-07T02:04:27.569442,52
20609437dd8fc563,https://no.linkedin.com/jobs/view/sourcing-lead-strategisk-innkj%C3%B8per-at-kongsberg-defense-us-4436048267,Sourcing Lead/Strategisk Innkjøper,,scraped,2026-07-07T02:04:30.147396,
5f4cdee07f2d6228,https://no.linkedin.com/jobs/view/industry-strategy-lead-bfsi-at-vend-4436357248,Industry Strategy Lead - BFSI,Vend,posted,2026-07-07T02:05:01.571749,82
715e1123170a24bd,https://no.linkedin.com/jobs/view/grocery-associate-part-time-at-wolt-4436041119,Grocery Associate (part-time),,scraped,2026-07-07T02:05:03.869778,
8644129964ed4106,https://no.linkedin.com/jobs/view/saksbehandler-i-barneverntjenesten-at-underveis-tiltak-4435170024,Saksbehandler i barneverntjenesten,,scraped,2026-07-07T02:05:11.088176,
5757129dd712ecc6,https://no.linkedin.com/jobs/view/deli-clerk-at-brookshire-grocery-company-4436139550,Deli Clerk,Brookshire Grocery Company,posted,2026-07-07T02:05:25.609423,84
d56ce741b17658f9,https://no.linkedin.com/jobs/view/marketing-specialist-at-laerdal-medical-4431587895,Marketing Specialist,,scraped,2026-07-07T02:05:28.195715,
e2901328828ffe78,https://no.linkedin.com/jobs/view/sports-data-collector-football-stavanger-norway-at-genius-sports-4426783921,"Sports Data Collector (Football) - Stavanger, Norway",,scraped,2026-07-07T02:05:35.623902,
d2e020f58b721d75,https://no.linkedin.com/jobs/view/prosjektkoordinator-at-kongsberg-defense-us-4436034784,Prosjektkoordinator,,scraped,2026-07-07T02:05:42.135101,
1502afd17a4e4661,https://no.linkedin.com/jobs/view/teaology-norway-chef-barista-at-teaology-the-finest-tea-coffee-in-norway-4435426219,[TeaOlogy - Norway] Chef & Barista,,scraped,2026-07-07T02:06:21.149466,
fbc42b7fa90055eb,https://no.linkedin.com/jobs/view/helsesykepleier-at-h%C3%A5-kommune-4436719013,Helsesykepleier,,scraped,2026-07-07T02:06:28.005484,
4f49bbaeb006d584,https://no.linkedin.com/jobs/view/automation-engineer-at-cambi-4437140615,Automation Engineer,,scraped,2026-07-07T02:06:35.044550,
61f109f7821272bd,https://no.linkedin.com/jobs/view/lege-f%C3%B8r-lis-1-lege-i-spesialisering-3-at-central-norway-regional-health-authority-4436701939,Lege før LIS 1 / Lege i spesialisering 3,,scraped,2026-07-07T02:06:41.882214,
56584b56f666e5a9,https://no.linkedin.com/jobs/view/investment-manager-ukraine-fund-at-norfund-4434970991,"Investment Manager, Ukraine Fund",,scraped,2026-07-07T02:06:48.659780,
28c33ed042c1bc06,https://no.linkedin.com/jobs/view/vil-du-bruke-kompetansen-din-til-%C3%A5-forbedre-helsetjenesten-som-seksjonsleder-i-systemutvikling%3F-at-central-norway-regional-health-authority-4436701942,Vil du bruke kompetansen din til å forbedre helsetjenesten som seksjonsleder i Systemutvikling?,,scraped,2026-07-07T02:06:55.818666,
264141604a874fcd,https://no.linkedin.com/jobs/view/key-account-manager-7335-at-cromwell-tools-export-4436925852,Key Account Manager (7335),,scraped,2026-07-07T02:07:02.388285,
90938f3ede6a8e68,https://no.linkedin.com/jobs/view/voll-teilzeit-at-ermrich-b%C3%A4derwelt-4435758491,Voll- & Teilzeit,,scraped,2026-07-07T02:07:14.269726,
45c9ba38b682db86,https://no.linkedin.com/jobs/view/utvikler-at-gjensidige-4433948438,Utvikler,,scraped,2026-07-07T02:08:03.438018,
ba2ed17a6a7b5c21,https://no.linkedin.com/jobs/view/innkj%C3%B8pere-at-kongsberg-defense-us-4434326850,Innkjøpere,,scraped,2026-07-07T02:08:10.457355,
2e726a3a88183ab1,https://no.linkedin.com/jobs/view/nyutdannet-i-2027%3F-bli-en-del-av-consulting-i-bdo-at-bdo-norge-4432373905,Nyutdannet i 2027? Bli en del av Consulting i BDO,,scraped,2026-07-07T02:08:22.127407,
a1d0b7dde577c035,https://no.linkedin.com/jobs/view/%C3%A5snes-og-v%C3%A5ler-tannklinikker-2-x-100-%25-faste-tannlegestillinger-at-innlandet-fylkeskommune-4436797689,Åsnes og Våler tannklinikker-2 x 100 % faste tannlegestillinger,,scraped,2026-07-07T02:08:29.538804,
5f2e9f48f9b174ab,https://no.linkedin.com/jobs/view/teamleder-ottadalen-at-sparebank-1-smn-4436496842,Teamleder Ottadalen,,scraped,2026-07-07T02:08:36.229822,
20ee081357a94601,https://no.linkedin.com/jobs/view/milj%C3%B8arbeider-med-erfaring%21-at-aberia-norway-4435440967,Miljøarbeider med erfaring!,,scraped,2026-07-07T02:08:43.135315,
4a229ad90e8cde3a,https://no.linkedin.com/jobs/view/design-and-engineering-tools-deployment-lead-nb-zone-at-schneider-electric-4390148497,Design and Engineering Tools Deployment Lead NB Zone,Schneider Electric,posted,2026-07-07T02:09:02.561398,86
3975971f70186d7c,https://no.linkedin.com/jobs/view/full-time-client-advisor-postmodern-oslo-at-ganni-4401529103,"Full-time Client Advisor - Postmodern, Oslo",,scraped,2026-07-07T02:09:05.369278,
0651e8afc2a89c53,https://no.linkedin.com/jobs/view/regiondirekt%C3%B8r-at-capgemini-4430703136,Regiondirektør,,scraped,2026-07-07T02:09:12.187373,
2317abca3ce945b3,https://no.linkedin.com/jobs/view/head-of-cost-management-green-industry-transformation-at-ncc-4435807057,Head of Cost Management Green Industry Transformation,,scraped,2026-07-07T02:09:18.500714,
58c7efa65c613d77,https://no.linkedin.com/jobs/view/vil-du-bli-del-av-v%C3%A5rt-anerkjente-fagmilj%C3%B8-innenfor-mobilitet%3F-at-asplan-viak-as-4436711578,Vil du bli del av vårt anerkjente fagmiljø innenfor mobilitet?,,scraped,2026-07-07T02:09:25.230183,
e1d06fb150ba5614,https://no.linkedin.com/jobs/view/avdelingsleiar-at-bufetat-barne-ungdoms-og-familieetaten-4437145972,Avdelingsleiar,,scraped,2026-07-07T02:09:32.289234,
6a06159c0a89299e,https://no.linkedin.com/jobs/view/ehs-professional-gt-service-at-siemens-energy-4425866333,EHS Professional - GT Service,,scraped,2026-07-07T02:09:40.142296,
e652375640e514e0,https://no.linkedin.com/jobs/view/vi-s%C3%B8ker-butikksjef-p%C3%A5-holmen%21-at-normal-a-s-4432391581,Vi søker Butikksjef på Holmen!,,scraped,2026-07-07T02:10:38.664527,
c1e1dc3cffc55c56,https://no.linkedin.com/jobs/view/r%C3%A5dgiver-vads%C3%B8-kirkenes-at-norconsult-sverige-4436907387,Rådgiver - Vadsø/Kirkenes,,scraped,2026-07-07T02:10:46.479201,
60d3874ec09f32b0,https://no.linkedin.com/jobs/view/r%C3%A5dgiver-kvalitet-at-sparebank-1-smn-4437188457,Rådgiver Kvalitet,,scraped,2026-07-07T02:10:53.915685,
2879df4c18ab74e3,https://no.linkedin.com/jobs/view/account-executive-at-ditio-4436343055,Account Executive,,scraped,2026-07-07T02:11:00.558563,
6cca2cc15efeb81b,https://no.linkedin.com/jobs/view/pipeline-installation-and-system-engineer-at-head-energy-as-4432356065,Pipeline installation and system engineer.,,scraped,2026-07-07T02:11:06.840491,
edcfa9ebe9095b43,https://no.linkedin.com/jobs/view/patruljeleder-politif%C3%B8rstebetjent-gardermoen-politistasjon-at-%C3%B8st-politidistrikt-4435151330,"Patruljeleder / politiførstebetjent, Gardermoen politistasjon",,scraped,2026-07-07T02:11:13.669313,
733e1f841f44d076,https://no.linkedin.com/jobs/view/product-manager-at-telia-4428869269,Product Manager,,scraped,2026-07-07T02:11:20.685060,
8d626556395ef373,https://no.linkedin.com/jobs/view/senior-travel-consultant-at-a2d-world-food-innovation-travel-4432334742,Senior Travel Consultant,A2D World - Food Innovation Travel,posted,2026-07-07T02:13:16.008541,88
e108994eef371cc1,https://no.linkedin.com/jobs/view/design-manager-data-centres-at-cowi-4415679508,Design Manager - Data Centres,,scraped,2026-07-07T02:13:18.751047,
bd7cd8fdd8b0c55d,https://no.linkedin.com/jobs/view/sykepleiere-at-universitetssykehuset-nord-norge-4435445191,Sykepleiere,,scraped,2026-07-07T02:13:25.244503,
fcc997612529e7c6,https://no.linkedin.com/jobs/view/prosjektingeni%C3%B8r-global-production-support-at-kongsberg-defense-us-4435233574,Prosjektingeniør Global Production Support,,scraped,2026-07-07T02:13:31.998950,
b40445e7e776a894,https://no.linkedin.com/jobs/view/team-lead-test-og-verifikasjon-at-kongsberg-defense-us-4435235435,Team Lead Test og Verifikasjon,,scraped,2026-07-07T02:13:52.545438,
f9b4a2b1a335a897,https://no.linkedin.com/jobs/view/sales-executive-at-choice-talents-ltd-4437454237,Sales Executive,,scraped,2026-07-07T02:14:00.323874,
4050d826b8cf596a,https://no.linkedin.com/jobs/view/utvikler-at-forte-4432394383,Utvikler,,scraped,2026-07-07T02:14:07.122621,
d88d511eca8f78f0,https://no.linkedin.com/jobs/view/dotnet-developer-at-tenth-revolution-group-4433954991,Dotnet Developer,,scraped,2026-07-07T02:14:13.903087,
6e6df57fc6f23e91,https://no.linkedin.com/jobs/view/senior-prosjektingeni%C3%B8r-fagspesialist-at-kongsberg-defense-us-4435226951,Senior prosjektingeniør / fagspesialist,,scraped,2026-07-07T02:14:22.193182,
6e4ee28434b7b526,https://no.linkedin.com/jobs/view/construction-manager-at-accenture-nordics-4435839312,Construction Manager,Accenture Nordics,posted,2026-07-07T02:16:42.396899,90
3dd236906b6f877a,https://no.linkedin.com/jobs/view/lege-i-spesialisering-indremedisin-at-central-norway-regional-health-authority-4437154995,Lege i spesialisering indremedisin,,scraped,2026-07-07T02:16:45.055244,
01df99ade5e81359,https://no.linkedin.com/jobs/view/fibre-installation-technician-at-bid-4436200729,Fibre Installation Technician,,scraped,2026-07-07T02:16:52.114826,
601ea3801c362d77,https://no.linkedin.com/jobs/view/vil-du-v%C3%A6re-p%C3%A5driver-til-%C3%A5-utvikle-fremtidsrettede-og-sikre-samhandlingsl%C3%B8sninger%3F-at-central-norway-regional-health-authority-4437160687,Vil du være pådriver til å utvikle fremtidsrettede og sikre samhandlingsløsninger?,,scraped,2026-07-07T02:16:58.813013,
88966ec83309f104,https://no.linkedin.com/jobs/view/avdelingsleder-kristiansand-at-skanska-4436765177,Avdelingsleder Kristiansand,,scraped,2026-07-07T02:17:05.315801,
e485d10da12dba94,https://no.linkedin.com/jobs/view/driftstekniker-at-kongsberg-defense-us-4435246102,Driftstekniker,,scraped,2026-07-07T02:17:12.400407,
399dac794e0343ab,https://no.linkedin.com/jobs/view/bdo-s%C3%B8ker-ai-lead-bygge-vestlandets-ledende-ai-milj%C3%B8-at-bdo-norge-4428933788,BDO søker AI Lead: Bygge Vestlandets ledende AI-miljø,,scraped,2026-07-07T02:17:30.828118,
7fe87b10478efa74,https://no.linkedin.com/jobs/view/senior-hse-advisor-at-kongsberg-defense-us-4435239297,Senior HSE Advisor,,scraped,2026-07-07T02:18:41.895995,
75f3fcd4f6eeeeb5,https://no.linkedin.com/jobs/view/helgestilling-at-central-norway-regional-health-authority-4436709684,Helgestilling,,scraped,2026-07-07T02:18:57.188022,
f723583cab6bbb80,https://no.linkedin.com/jobs/view/security-risk-and-compliance-analyst-at-autostore%E2%84%A2-4435222410,Security Risk and Compliance Analyst,,scraped,2026-07-07T02:19:03.836977,
95b68751b5ba2925,https://no.linkedin.com/jobs/view/vil-du-kombinere-fag-og-helser%C3%A5dgivning-som-farmas%C3%B8yt%3F-s%C3%B8k-hos-vitusapotek-nerstranda%21-at-vitusapotek-4435181954,Vil du kombinere fag og helserådgivning som farmasøyt? Søk hos Vitusapotek Nerstranda!,,scraped,2026-07-07T02:19:12.166309,
ddf334bd8f5b9b1f,https://no.linkedin.com/jobs/view/milj%C3%B8terapeut-at-bufetat-barne-ungdoms-og-familieetaten-4436749558,Miljøterapeut,,scraped,2026-07-07T02:19:19.880820,
97cc4911cd44bb59,https://no.linkedin.com/jobs/view/fagleder-innen-data-analytics-at-sopra-steria-4433865610,Fagleder innen data analytics,,scraped,2026-07-07T02:19:27.320036,
7de81911f8562484,https://no.linkedin.com/jobs/view/fagkonsulent-at-ecura-bo-og-habilitering-4436329983,Fagkonsulent,,scraped,2026-07-07T02:19:34.858400,
0ef67e418d8d605a,https://no.linkedin.com/jobs/view/account-executive-at-mercell-4433700302,Account Executive,,scraped,2026-07-07T02:19:42.084900,
450d6e92ca4e3930,https://no.linkedin.com/jobs/view/prosjektleder-at-sola-kommune-3477013308,Prosjektleder,,scraped,2026-07-07T02:19:48.918965,
0aac7407f5ecf36e,https://no.linkedin.com/jobs/view/senior-land-management-rangeland-expert-at-ntu-international-a-s-4435826736,Senior Land Management / Rangeland Expert,,scraped,2026-07-07T02:19:57.172192,
cd8495a9e60c4004,https://no.linkedin.com/jobs/view/liker-du-%C3%A5-skru-p%C3%A5-maskiner-utstyr-og-har-orden-og-kontroll%3F-oslo-avdelingen-v%C3%A5r-s%C3%B8ker-mekaniker%21-at-renta-infra-as-4433763000,"Liker du å skru på maskiner/utstyr, og har orden og kontroll? Oslo avdelingen vår søker mekaniker!",,scraped,2026-07-07T02:20:04.295510,
d1fc4aec7c6f0197,https://no.linkedin.com/jobs/view/special-case-team-finnish-speaking-at-noba-bank-group-4435545872,Special Case Team - Finnish Speaking,,scraped,2026-07-07T02:20:11.787003,
87e7a2e3f32807fe,https://no.linkedin.com/jobs/view/butikschef-ahlsell-visby-at-ahlsell-sverige-ab-4435551530,Butikschef Ahlsell Visby,,scraped,2026-07-07T02:20:17.936526,
ccc3b57f46ffe052,https://no.linkedin.com/jobs/view/hr-application-consultant-at-sd-worx-4435480384,HR Application Consultant,,scraped,2026-07-07T02:20:26.023141,
148ba8475a41186d,https://no.linkedin.com/jobs/view/project-engineer-at-kongsberg-defense-us-4434342141,Project Engineer,Kongsberg Defense US,posted,2026-07-07T02:20:42.102255,92
6bf2972b6c8cc958,https://no.linkedin.com/jobs/view/technical-author-multiple-roles-and-seniority-levels-at-jobgether-4435767646,Technical Author (multiple roles and seniority levels),,scraped,2026-07-07T02:20:45.036472,
acbe316bddeb91a0,https://no.linkedin.com/jobs/view/project-manager-it-digitalisering-at-nammo-raufoss-as-4437125907,Project Manager IT/Digitalisering,,scraped,2026-07-07T02:20:51.514138,
71878e222a1b5830,https://no.linkedin.com/jobs/view/psykologspesialist-psykolog-at-central-norway-regional-health-authority-4436962789,Psykologspesialist/psykolog,,scraped,2026-07-07T02:22:02.439998,
504a8565994ebf20,https://no.linkedin.com/jobs/view/prosjektsjef-at-hent-as-4437146337,Prosjektsjef,,scraped,2026-07-07T02:22:09.298861,
befceba3e3af9029,https://no.linkedin.com/jobs/view/quantity-surveyor-at-accenture-nordics-4435851059,Quantity Surveyor,Accenture Nordics,posted,2026-07-07T02:22:30.140452,94
182a27220d4347a0,https://no.linkedin.com/jobs/view/prosjektleder-vestland-at-vassbakk-stol-4435445486,"Prosjektleder, Vestland",,scraped,2026-07-07T02:22:32.986174,
9081c406092b1df4,https://no.linkedin.com/jobs/view/trade-marketing-specialist-nordics-at-sharkninja-4427559153,Trade Marketing Specialist - Nordics,,scraped,2026-07-07T02:22:40.082633,
ebfde416e86768a0,https://no.linkedin.com/jobs/view/tekniker-at-agilera-pharma-as-4433780935,Tekniker,,scraped,2026-07-07T02:22:47.509772,
f69afa66f9396952,https://no.linkedin.com/jobs/view/finance-coordinator-at-dnv-4433949373,Finance Coordinator,DNV,posted,2026-07-07T02:24:09.083085,95
1784c37684939248,https://no.linkedin.com/jobs/view/product-lead-at-telenor-4435114227,Product Lead,,scraped,2026-07-07T02:24:11.826792,
9d2a3de0991cf4bb,https://no.linkedin.com/jobs/view/hotel-bristol-s%C3%B8ker-bankettsjef-at-thon-gruppen-4436312992,Hotel Bristol søker Bankettsjef,,scraped,2026-07-07T02:24:18.763476,
7574894f5aedb8a4,https://no.linkedin.com/jobs/view/csirt-security-operations-analyst-at-statkraft-4435453203,CSIRT Security Operations Analyst,,scraped,2026-07-07T02:25:29.883502,
e3240c4be8ee5353,https://no.linkedin.com/jobs/view/teamleder%C2%A0-at-statnett-sf-4435445841,Teamleder,Statnett SF,posted,2026-07-07T02:26:49.930631,97
f09a2178965039da,https://no.linkedin.com/jobs/view/prosjektutvikler-salg-4433933673,Prosjektutvikler Salg,Moelven Byggmodul,posted,2026-07-07T02:26:57.707532,99
7d22dcb0f2ba447c,https://no.linkedin.com/jobs/view/assisterende-enhetsleder-vikariat-at-helgelandssykehuset-hf-4433370045,"Assisterende enhetsleder, vikariat",,scraped,2026-07-07T02:27:00.527227,
79073530b0d662f3,https://no.linkedin.com/jobs/view/product-compliance-engineer-at-cisco-4426720536,Product Compliance Engineer,Cisco,posted,2026-07-07T02:27:15.688273,101
9295b34c7d904a4c,https://no.linkedin.com/jobs/view/account-manager-underground-construction-at-master-builders-solutions-4436316458,Account Manager Underground Construction,,scraped,2026-07-07T02:27:18.286077,
6e69ca7c1fdaac95,https://no.linkedin.com/jobs/view/system-services-representative-at-ibm-4413322669,System Services Representative,IBM,posted,2026-07-07T02:27:39.906987,103
4708952a48b86ac8,https://no.linkedin.com/jobs/view/strategy-transformation-consultant-at-capgemini-invent-4436755939,Strategy & Transformation Consultant,,scraped,2026-07-07T02:27:42.573672,
e8e3d7a586e675e1,https://no.linkedin.com/jobs/view/applikasjonsforvalter-politiets-it-enhet-s%C3%B8knadsfrist-mandag-3-august-2026-at-politiets-it-enhet-4437155240,Applikasjonsforvalter - Politiets IT-enhet - Søknadsfrist: mandag 3. august 2026,,scraped,2026-07-07T02:28:53.490251,
2f4d78260dae8710,https://no.linkedin.com/jobs/view/head-of-payments-tieto-banktech-m-f-d-at-tieto-4437157087,"Head of Payments, Tieto Banktech (m/f/d)",,scraped,2026-07-07T02:29:00.624677,
8b053c73bb3000df,https://no.linkedin.com/jobs/view/m%C3%B8belmont%C3%B8r-jysk-mo-i-rana-at-jysk-4433960947,Møbelmontør JYSK Mo i Rana,,scraped,2026-07-07T02:29:08.199044,
faf605f145cde9a1,https://no.linkedin.com/jobs/view/vessel-manager-%E2%80%93-gas-carriers-lng-bunker-vessels-lpg-carriers-at-wilhelmsen-ship-management-4426399047,Vessel Manager – Gas Carriers /LNG Bunker vessels/LPG Carriers,,scraped,2026-07-07T02:29:15.309239,
9700ebc44b80fa0d,https://no.linkedin.com/jobs/view/systemingeni%C3%B8r-arkitektur-og-design-at-kongsberg-defense-us-4435231681,Systemingeniør - Arkitektur og Design,,scraped,2026-07-07T02:29:22.346443,
d620da1546723e16,https://no.linkedin.com/jobs/view/vi-satser-p%C3%A5-data-og-ai-%E2%80%93-n%C3%A5-s%C3%B8ker-vi-erfarne-dataplattformutviklere-at-knowit-4342294541,Vi satser på data og AI – nå søker vi erfarne dataplattformutviklere,,scraped,2026-07-07T02:29:30.230482,
b69f5590597e5c68,https://no.linkedin.com/jobs/view/thon-hotel-oslo-airport-s%C3%B8ker-hovmester-at-thon-property-4435486089,Thon Hotel Oslo Airport søker Hovmester,,scraped,2026-07-07T02:29:37.763668,
e5fc10df44001a9a,https://no.linkedin.com/jobs/view/senior-prosjektingeni%C3%B8r-gnc-simuleringsmilj%C3%B8-at-kongsberg-defense-us-4435232629,Senior Prosjektingeniør GNC & Simuleringsmiljø,,scraped,2026-07-07T02:29:45.190648,
922897f412a0773e,https://no.linkedin.com/jobs/view/key-account-manager-myopia-at-santen-4436207980,Key Account Manager (Myopia),,scraped,2026-07-07T02:30:04.211044,
bf4eb02172a99da4,https://no.linkedin.com/jobs/view/vil-du-kombinere-fag-og-helser%C3%A5dgivning-som-farmas%C3%B8yt%3F-s%C3%B8k-hos-vitusapotek-herkules%21-at-vitusapotek-4436389501,Vil du kombinere fag og helserådgivning som farmasøyt? Søk hos Vitusapotek Herkules!,,scraped,2026-07-07T02:30:11.666080,
0a13fcadeb4040ff,https://no.linkedin.com/jobs/view/r-d-product-developer-software-at-glamox-4435223048,"R&D Product Developer, Software",,scraped,2026-07-07T02:30:18.569308,
55048eac057907cf,https://no.linkedin.com/jobs/view/enhetsleder-merkantile-tjenester-at-finnmark-hospital-trust-4435273551,Enhetsleder merkantile tjenester,,scraped,2026-07-07T02:31:28.983185,
e7fc06fcad2c772a,https://no.linkedin.com/jobs/view/special-case-team-finnish-speaking-at-noba-bank-group-4434675405,Special Case Team - Finnish Speaking,,scraped,2026-07-07T02:31:36.054939,
acc4b8b10b899a44,https://no.linkedin.com/jobs/view/business-development-representative-nordics-market-at-spoc-servicenow-partner-4437445099,Business Development Representative (Nordics Market),,scraped,2026-07-07T02:31:42.367992,
28c2bf5486d01b1a,https://no.linkedin.com/jobs/view/servicenow-sales-solutions-consultant-at-tata-consultancy-services-4425261835,ServiceNow Sales & Solutions Consultant,Tata Consultancy Services,posted,2026-07-07T02:32:00.440565,105
14cbfaf0dd08be03,https://no.linkedin.com/jobs/view/customer-care-representative-no-at-k%C3%A4rcher-4433196901,Customer Care Representative NO,,scraped,2026-07-07T02:32:03.192686,
f2baa9e1d0976746,https://no.linkedin.com/jobs/view/ai-compliance-officer-at-etterretningstjenesten-4435553666,AI Compliance Officer,,scraped,2026-07-07T02:32:10.604769,
b516fce934e9ab37,https://no.linkedin.com/jobs/view/lege-i-spesialisering-2-3-med-rekrutteringstillegg-i-fast-stilling-at-telemark-hospital-trust-4434958928,Lege i spesialisering 2/3 med rekrutteringstillegg i fast stilling,,scraped,2026-07-07T02:33:21.046225,
536dd2f3663e5f05,https://no.linkedin.com/jobs/view/customer-support-specialist-tieto-banktech-m-f-d-at-tieto-4435815096,"Customer Support Specialist, Tieto Banktech (m/f/d)",,scraped,2026-07-07T02:33:27.591937,
e46f9468d18865ea,https://no.linkedin.com/jobs/view/byggeleder-byggherreombud-at-ramboll-4436749156,Byggeleder/Byggherreombud,,scraped,2026-07-07T02:33:35.075558,
876b371469def132,https://no.linkedin.com/jobs/view/growth-marketing-lead-at-installer-com-4435847340,Growth Marketing Lead,,scraped,2026-07-07T02:33:44.344540,
3ce1a3af0d12bffb,https://no.linkedin.com/jobs/view/vil-du-jobbe-med-service-og-tekniske-installasjoner-over-hele-landet%3F-at-toptemp-4391919990,Vil du jobbe med service og tekniske installasjoner over hele landet?,,scraped,2026-07-07T02:33:50.922486,
3dd43ec9af720c68,https://no.linkedin.com/jobs/view/arealplanlegger-samfunnsplanlegger-at-norconsult-4436095055,Arealplanlegger / Samfunnsplanlegger,,scraped,2026-07-07T02:33:57.584195,
f127da84ea0dad0e,https://no.linkedin.com/jobs/view/ventilasjonstekniker-at-bravida-norge-as-4435452755,Ventilasjonstekniker,,scraped,2026-07-07T02:34:04.842307,
7f37e663f209f66f,https://no.linkedin.com/jobs/view/personlig-trener-sats-adamstuen-at-sats-norge-4436316872,Personlig trener SATS Adamstuen,,scraped,2026-07-07T02:34:12.594211,
074825119817c98c,https://no.linkedin.com/jobs/view/leder-for-arbeidsdriften-at-kriminalomsorgen-4436750513,Leder for arbeidsdriften,,scraped,2026-07-07T02:34:19.872954,
e06f34ab0d181916,https://no.linkedin.com/jobs/view/systemleder-at-bane-nor-4436350059,Systemleder,Bane NOR,posted,2026-07-07T02:34:35.728391,107
c76c878186498e83,https://no.linkedin.com/jobs/view/coo-skanska-husfabrikken-at-skanska-4437417172,COO Skanska Husfabrikken,,scraped,2026-07-07T02:34:38.398585,
fd84f39a85f911ed,https://no.linkedin.com/jobs/view/community-manager-%E2%80%93-sosiale-medier-at-msx-international-4427024410,Community Manager – Sosiale medier,,scraped,2026-07-07T02:34:45.669968,
edc3f01196181bf6,https://no.linkedin.com/jobs/view/dgn-s%C3%B8ker-t%C3%B8mrere-murere-og-anleggsgartnere-som-tar-ansvar-ser-l%C3%B8sninger-og-leverer-kvalitet-at-dgn-as-4436327451,"DGN søker tømrere, murere og anleggsgartnere som tar ansvar, ser løsninger og leverer kvalitet",,scraped,2026-07-07T02:35:10.409995,
4628f05aecfcffdb,https://no.linkedin.com/jobs/view/iam-spesialist-at-udi-utlendingsdirektoratet-4435849058,IAM Spesialist,,scraped,2026-07-07T02:35:17.125211,
2c4cd67628f29585,https://no.linkedin.com/jobs/view/industrimekaniker-klor-vcm-rafnes-at-ineos-4436923957,Industrimekaniker - Klor/VCM- Rafnes,,scraped,2026-07-07T02:35:23.983854,
bf089adcb2deeab0,https://no.linkedin.com/jobs/view/customer-service-specialist-at-rs-4426081611,Customer Service Specialist,,scraped,2026-07-07T02:35:30.958546,
33d21e3699063832,https://no.linkedin.com/jobs/view/mekaniker-workshop-technician-at-toyota-material-handling-norway-4348456971,Mekaniker - Workshop Technician,,scraped,2026-07-07T02:35:37.447625,
8f7ea583e2c6e14b,https://no.linkedin.com/jobs/view/eu-r%C3%A5dgiver-at-direktoratet-for-samfunnssikkerhet-og-beredskap-dsb-4432793277,EU-rådgiver,,scraped,2026-07-07T02:35:45.098036,
e934628378bc8c82,https://no.linkedin.com/jobs/view/vil-du-jobbe-med-regnskap-i-et-selskap-som-bygger-fremtidens-norge%3F-at-toptemp-4435456370,Vil du jobbe med regnskap i et selskap som bygger fremtidens Norge?,,scraped,2026-07-07T02:35:52.371132,
1b13d752841eea1f,https://no.linkedin.com/jobs/view/graduates-to-join-our-oslo-office-in-2027-at-implement-consulting-group-4435547201,Graduates to join our Oslo office in 2027,,scraped,2026-07-07T02:35:59.291537,
a974114b1e56e629,https://no.linkedin.com/jobs/view/director-solution-architecture-enterprise-architecture-at-cognite-4428130482,"Director, Solution Architecture & Enterprise Architecture",,scraped,2026-07-07T02:36:06.232369,
b9a9d29d79cd0187,https://no.linkedin.com/jobs/view/software-engineer-ai-trainer-at-dataannotation-4408504985,Software Engineer - AI Trainer,DataAnnotation,posted,2026-07-07T02:36:22.387806,109
27ffd49ed6c358c3,https://no.linkedin.com/jobs/view/dekkssjef-overstyrmann-i-sambandet-hareid-sulesund-p-t-mf-gisk%C3%B8y-at-fjord1-as-4435775599,"Dekkssjef/overstyrmann i sambandet Hareid - Sulesund, p.t. MF Giskøy",,scraped,2026-07-07T02:36:24.989515,
a07b47528f66358a,https://no.linkedin.com/jobs/view/rental-operations-agent-at-avis-budget-group-4435528720,Rental Operations Agent,,scraped,2026-07-07T02:36:32.026073,
42e52a9f076126c5,https://no.linkedin.com/jobs/view/l%C3%B8nnsmedarbeider-at-frelsesarmeen-4436498587,Lønnsmedarbeider,,scraped,2026-07-07T02:36:39.228283,
5c3908bc01bf03bb,https://no.linkedin.com/jobs/view/distriktskonsulent-at-norges-korforbund-4436718763,Distriktskonsulent,,scraped,2026-07-07T02:36:59.002878,
8bf900f5f5d303d4,https://no.linkedin.com/jobs/view/anleggsleder-at-hent-as-4437138520,Anleggsleder,,scraped,2026-07-07T02:37:05.922820,
14cda4108272426d,https://no.linkedin.com/jobs/view/specialist-project-planner-at-nexans-4421851476,Specialist Project Planner,,scraped,2026-07-07T02:37:13.122743,
01ceb5fbfbdda849,https://no.linkedin.com/jobs/view/creative-lead-at-eiendomsmegler-krogsveen-4433926804,Creative Lead,,scraped,2026-07-07T02:37:21.620489,
98868736833996ad,https://no.linkedin.com/jobs/view/senior-water%E2%80%93agriculture-foresight-expert-at-ntu-international-a-s-4435547824,Senior Water–Agriculture Foresight Expert,,scraped,2026-07-07T02:38:32.138762,
9321ff0e39d7eef0,https://no.linkedin.com/jobs/view/senior-utvikler-kron-at-storebrand-4435172030,Senior utvikler Kron,Storebrand,posted,2026-07-07T02:38:49.927556,111
e792d8106ef5eca1,https://no.linkedin.com/jobs/view/full-stack-engineer-ai-trainer-at-dataannotation-4408510405,Full Stack Engineer - AI Trainer,DataAnnotation,posted,2026-07-07T02:39:02.720212,113
053a9415383ffd17,https://no.linkedin.com/jobs/view/thon-hotel-baronen-s%C3%B8ker-deltidsansatte-og-ekstrahjelper-at-thon-property-4434677418,Thon Hotel Baronen søker deltidsansatte og ekstrahjelper,,scraped,2026-07-07T02:39:05.573380,
ae3746d4c61d7265,https://no.linkedin.com/jobs/view/gruppeleder-innen-systems-engineering-og-technical-integration-at-kongsberg-defense-us-4435231661,Gruppeleder innen Systems Engineering og Technical Integration,Kongsberg Defense US,posted,2026-07-07T02:39:24.200154,115
12051177122061c5,https://no.linkedin.com/jobs/view/seniorr%C3%A5dgiver-geoteknikk-og-ingeni%C3%B8rgeologi-at-multiconsult-4436194860,Seniorrådgiver geoteknikk og ingeniørgeologi,,scraped,2026-07-07T02:39:27.074682,
915eeb830423d2d7,https://no.linkedin.com/jobs/view/senior-epc-project-manager-at-nov-4433933661,Senior EPC Project Manager,,scraped,2026-07-07T02:39:33.994211,
ad80d454bc8d39e9,https://no.linkedin.com/jobs/view/mep-construction-manager-4432784535,MEP CONSTRUCTION MANAGER,SOTRA LINK CONSTRUCTION JV ANS,posted,2026-07-07T02:39:45.153727,117
88946544484ff93e,https://no.linkedin.com/jobs/view/group-compliance-specialist-at-norconsult-sverige-4436199890,Group Compliance Specialist,,scraped,2026-07-07T02:39:47.483194,
4051c145b0ddb19f,https://no.linkedin.com/jobs/view/senior-director-analyst-ai-services-remote-europe-at-gartner-4426083607,Senior Director Analyst - AI Services (Remote: Europe),Gartner,posted,2026-07-07T02:41:20.915245,119
ea359d02125af7c0,https://no.linkedin.com/jobs/view/prosjektst%C3%B8tte-at-mesta-4436345738,Prosjektstøtte,,scraped,2026-07-07T02:41:23.518198,
badc2a36d516cbf6,https://no.linkedin.com/jobs/view/vektere-heltid-og-deltid-flor%C3%B8-westcon-yards-at-avarn-security-norge-4434911827,Vektere heltid og deltid - Florø (Westcon Yards),,scraped,2026-07-07T02:42:34.073951,
d0a74faf3a1e2b85,https://no.linkedin.com/jobs/view/helsefagarbeider-at-kristiansund-kommune-4436910315,Helsefagarbeider,,scraped,2026-07-07T02:42:42.204981,
8256ba7205504048,https://no.linkedin.com/jobs/view/senior-software-engineer-integration-suite-at-trener-robotics-4435363842,"Senior Software Engineer, Integration Suite",,scraped,2026-07-07T02:42:49.716418,
034093a28373a9df,https://no.linkedin.com/jobs/view/doctoral-student-at-simula-metropolitan-center-for-digital-engineering-simulamet-4434394940,Doctoral Student,,scraped,2026-07-07T02:43:31.509579,
